id,Name,Info,Image
1,Alice Carter,Software Engineer,/dummy_images/dummy_01.jpg
2,Brian Thompson,Architect,/dummy_images/dummy_02.jpg
3,Carla Nguyen,Data Analyst,/dummy_images/dummy_03.jpg
4,David Kim,Mechanical Engineer,/dummy_images/dummy_04.jpg
5,Emma Rodríguez,Marketing Specialist,/dummy_images/dummy_05.jpg
6,Frank O’Neill,Teacher,/dummy_images/dummy_06.jpg
7,Grace Patel,Nurse,/dummy_images/dummy_07.jpg
8,Hugo Fernández,Financial Consultant,/dummy_images/dummy_08.jpg
9,Isabel Moreno,Graphic Designer,/dummy_images/dummy_09.jpg
10,James Wright,Electrician,/dummy_images/dummy_10.jpg
11,Alice Carter,Software Engineer,/dummy_images/dummy_11.jpg
12,Brian Thompson,Architect,/dummy_images/dummy_12.jpg
13,Carla Nguyen,Data Analyst,/dummy_images/dummy_13.jpg
14,David Kim,Mechanical Engineer,/dummy_images/dummy_14.jpg
15,Emma Rodríguez,Marketing Specialist,/dummy_images/dummy_15.jpg
16,Frank O’Neill,Teacher,/dummy_images/dummy_16.jpg
17,Grace Patel,Nurse,/dummy_images/dummy_17.jpg
18,Hugo Fernández,Financial Consultant,/dummy_images/dummy_18.jpg
19,Isabel Moreno,Graphic Designer,/dummy_images/dummy_19.jpg
20,James Wright,Electrician,/dummy_images/dummy_20.jpg
21,Alice Carter,Software Engineer,/dummy_images/dummy_21.jpg
22,Brian Thompson,Architect,/dummy_images/dummy_22.jpg
23,Carla Nguyen,Data Analyst,/dummy_images/dummy_23.jpg
24,David Kim,Mechanical Engineer,/dummy_images/dummy_24.jpg
25,Emma Rodríguez,Marketing Specialist,/dummy_images/dummy_25.jpg
26,Frank O’Neill,Teacher,/dummy_images/dummy_26.jpg
27,Grace Patel,Nurse,/dummy_images/dummy_27.jpg
28,Hugo Fernández,Financial Consultant,/dummy_images/dummy_28.jpg
29,Isabel Moreno,Graphic Designer,/dummy_images/dummy_29.jpg
30,James Wright,Electrician,/dummy_images/dummy_30.jpg
31,Alice Carter,Software Engineer,/dummy_images/dummy_31.jpg
32,Brian Thompson,Architect,/dummy_images/dummy_32.jpg
33,Carla Nguyen,Data Analyst,/dummy_images/dummy_33.jpg
34,David Kim,Mechanical Engineer,/dummy_images/dummy_34.jpg
35,Emma Rodríguez,Marketing Specialist,/dummy_images/dummy_35.jpg
36,Frank O’Neill,Teacher,/dummy_images/dummy_36.jpg
37,Grace Patel,Nurse,/dummy_images/dummy_37.jpg
38,Hugo Fernández,Financial Consultant,/dummy_images/dummy_38.jpg
39,Isabel Moreno,Graphic Designer,/dummy_images/dummy_39.jpg
40,James Wright,Electrician,/dummy_images/dummy_40.jpg
41,Alice Carter,Software Engineer,/dummy_images/dummy_41.jpg
42,Brian Thompson,Architect,/dummy_images/dummy_42.jpg
43,Carla Nguyen,Data Analyst,/dummy_images/dummy_43.jpg
44,David Kim,Mechanical Engineer,/dummy_images/dummy_44.jpg
45,Emma Rodríguez,Marketing Specialist,/dummy_images/dummy_45.jpg
46,Frank O’Neill,Teacher,/dummy_images/dummy_46.jpg
47,Grace Patel,Nurse,/dummy_images/dummy_47.jpg
48,Hugo Fernández,Financial Consultant,/dummy_images/dummy_48.jpg
49,Isabel Moreno,Graphic Designer,/dummy_images/dummy_49.jpg
50,James Wright,Electrician,/dummy_images/dummy_50.jpg
51,Alice Carter,Software Engineer,/dummy_images/dummy_51.jpg
52,Brian Thompson,Architect,/dummy_images/dummy_52.jpg
53,Carla Nguyen,Data Analyst,/dummy_images/dummy_53.jpg
54,David Kim,Mechanical Engineer,/dummy_images/dummy_54.jpg
55,Emma Rodríguez,Marketing Specialist,/dummy_images/dummy_55.jpg
56,Frank O’Neill,Teacher,/dummy_images/dummy_56.jpg
57,Grace Patel,Nurse,/dummy_images/dummy_57.jpg
58,Hugo Fernández,Financial Consultant,/dummy_images/dummy_58.jpg
59,Isabel Moreno,Graphic Designer,/dummy_images/dummy_59.jpg
60,James Wright,Electrician,/dummy_images/dummy_60.jpg
61,Alice Carter,Software Engineer,/dummy_images/dummy_61.jpg
62,Brian Thompson,Architect,/dummy_images/dummy_62.jpg
63,Carla Nguyen,Data Analyst,/dummy_images/dummy_63.jpg
64,David Kim,Mechanical Engineer,/dummy_images/dummy_64.jpg
65,Emma Rodríguez,Marketing Specialist,/dummy_images/dummy_65.jpg
66,Frank O’Neill,Teacher,/dummy_images/dummy_66.jpg
67,Grace Patel,Nurse,/dummy_images/dummy_67.jpg
68,Hugo Fernández,Financial Consultant,/dummy_images/dummy_68.jpg
69,Isabel Moreno,Graphic Designer,/dummy_images/dummy_69.jpg
70,James Wright,Electrician,/dummy_images/dummy_70.jpg
71,Alice Carter,Software Engineer,/dummy_images/dummy_71.jpg
72,Brian Thompson,Architect,/dummy_images/dummy_72.jpg
73,Carla Nguyen,Data Analyst,/dummy_images/dummy_73.jpg
74,David Kim,Mechanical Engineer,/dummy_images/dummy_74.jpg
75,Emma Rodríguez,Marketing Specialist,/dummy_images/dummy_75.jpg
76,Frank O’Neill,Teacher,/dummy_images/dummy_76.jpg
77,Grace Patel,Nurse,/dummy_images/dummy_77.jpg
78,Hugo Fernández,Financial Consultant,/dummy_images/dummy_78.jpg
79,Isabel Moreno,Graphic Designer,/dummy_images/dummy_79.jpg
80,James Wright,Electrician,/dummy_images/dummy_80.jpg
81,Alice Carter,Software Engineer,/dummy_images/dummy_81.jpg
82,Brian Thompson,Architect,/dummy_images/dummy_82.jpg
83,Carla Nguyen,Data Analyst,/dummy_images/dummy_83.jpg
84,David Kim,Mechanical Engineer,/dummy_images/dummy_84.jpg
85,Emma Rodríguez,Marketing Specialist,/dummy_images/dummy_85.jpg
86,Frank O’Neill,Teacher,/dummy_images/dummy_86.jpg
87,Grace Patel,Nurse,/dummy_images/dummy_87.jpg
88,Hugo Fernández,Financial Consultant,/dummy_images/dummy_88.jpg
89,Isabel Moreno,Graphic Designer,/dummy_images/dummy_89.jpg
90,James Wright,Electrician,/dummy_images/dummy_90.jpg